Redirect from,Redirect to
/collections/magez-case-for-samsung-galaxy-s8,/products/magez-case-for-samsung-galaxy-s8
/collections/magez-case-for-samsung-galaxy-s9,/products/magez-case-for-samsung-galaxy-s9
/collections/magez-case-for-samsung-s10,/products/magez-case-for-samsung-s10
/collections/magez-case-for-s20,/products/magez-case-for-s20
/collections/air-case-for-s20,/products/air-case-for-s20
/collections/magez-case-for-note8,/products/magez-case-for-note8
/collections/magez-case-for-note10,/products/magez-case-for-note10
/collections/magez-case-for-iphone-6,/products/magez-case-for-iphone-6
/collections/magez-case-for-iphone-7,/products/magez-case-for-iphone-7
/collections/magez-case-for-iphone-8,/products/magez-case-for-iphone-8
/collections/magez-case-for-iphone-x,/products/magez-case-for-iphone-x
/collections/magez-case-pro-for-iphone-x,/products/magez-case-pro-for-iphone-x
/collections/magez-case-for-iphone-se,/products/magez-case-for-iphone-se
/collections/magez-case-for-iphone-xs,/products/magez-case-for-iphone-xs
/collections/magez-case-for-iphone-11,/products/magez-case-for-iphone-11
/collections/magez-case-pro-for-iphone-xs,/products/magez-case-pro-for-iphone-xs
/collections/magez-case-pro-for-iphone-11,/products/magez-case-pro-for-iphone-11
/collections/air-case-for-iphone-11,/products/air-case-for-iphone-11
/collections/magez-case-for-pixel-2,/products/magez-case-for-pixel-2
/collections/magez-case-for-google-pixel-4,/products/magez-case-for-google-pixel-4
/collections/magez-case-for-huawei-p40,/products/magez-case-for-huawei-p40
/collections/magez-case-for-oneplus-8,/products/magez-case-for-oneplus-8
/collections/magez-wallet,/products/magez-wallet
/collections/magez-wallet-ue,/products/magez-wallet-ue
/collections/magez-bar,/products/magez-bar
/collections/air-pal,/products/air-pal
/collections/air-pal-mini,/products/air-pal-mini
/collections/air-pal-mini-for-airpods-pro,/products/air-pal-mini-for-airpods-pro
/collections/air-quad,/products/air-quad
/collections/air-tray,/products/air-tray
/collections/air-omni,/products/air-omni
/collections/air-essential,/products/air-essential
/collections/magez-mount,/products/magez-mount
/collections/magez-mount-qi,/products/magez-mount-qi
/collections/magez-mount-qi-desktop,/products/magez-mount-qi-desktop
/collections/magez-juice,/products/magez-juice
/collections/air-case-for-apple-watch,/products/air-case-for-apple-watch
